name,output,exists,acc,macro_f1,balanced_acc,mae_mean,mae_sbp,mae_dbp,bias_sbp,bias_dbp,sbp_mean_error,sbp_sd_error,dbp_mean_error,dbp_sd_error,sbp_within_5,sbp_within_10,sbp_within_15,sbp_grade,dbp_within_5,dbp_within_10,dbp_within_15,dbp_grade,high_n,high_bias_sbp,high_bias_dbp,crisis_n,crisis_bias_sbp,crisis_bias_dbp,selected_regression_candidate,selected_classification_candidate,classification_source,support_calibration,support_shrinkage,selected_tail_correction_candidate,crisis_tail_fusion_candidate,kind,paper_title,paper_url,module_removed,mode,head_policy,head_source_output,completed,has_protocol_summary,has_final_results,has_paper_metrics,has_selected_strategy,has_bp_range_metrics,has_runtime_metrics,missing_outputs,search_profile,head_epochs,head_patience,head_min_epochs,runtime_seconds,delta_mae_mean_vs_full,delta_mae_sbp_vs_full,delta_mae_dbp_vs_full,delta_acc_vs_full,delta_macro_f1_vs_full,delta_balanced_acc_vs_full,delta_high_bias_sbp_vs_full,delta_high_bias_dbp_vs_full,delta_crisis_bias_sbp_vs_full,delta_crisis_bias_dbp_vs_full,effect_summary,paper_ablation_validity,use_in_main_ablation_table,paper_note,run_tag,noise_macro_f1_auc,noise_accuracy_auc,missing_ppg_macro_f1_auc,missing_ecg_macro_f1_auc,conformal_coverage_sbp_a10,conformal_coverage_dbp_a10,conformal_miw_sbp_a10,conformal_miw_dbp_a10,subject_gain_optlong_mean,subject_gain_dualmax_mean,delta_noise_macro_f1_auc_vs_full,delta_missing_ppg_macro_f1_auc_vs_full,delta_missing_ecg_macro_f1_auc_vs_full,delta_subject_gain_optlong_mean_vs_full,delta_subject_gain_dualmax_mean_vs_full,ablation_reference
v10.11,mimic_bp_reg_v10_11_subjectdisjoint_piso_uncertainty_moe_fulltrain_crisisdebias_proto,True,0.8122807017543859,0.7334048956487922,0.751738213088013,6.086580038070679,7.729466438293457,4.4436936378479,3.4492247104644775,1.2393072843551636,3.4492247104644775,10.173064231872559,1.2393072843551636,6.245297431945801,0.45789473684210524,0.7278508771929825,0.8686403508771929,C,0.6721491228070176,0.9046052631578947,0.968421052631579,A,327.0,6.2399702072143555,2.929811716079712,1.0,-12.794830322265625,1.769866943359375,reg_router_s100_t1p5_g0p45_f0p06,cls_arbiter_over_moe_w0.854_over_ens_top7_ppg+identity,,,,identity+identity+crisis_debias_ht0p2_ct0p12_g1p1_sq0p9_dq0p85_cg2p2_sm3p0_dm1p5_ug0p25_ms0p85_eg0p7,crisis_debias_ht0p2_ct0p12_g1p1_sq0p9_dq0p85_cg2p2_sm3p0_dm1p5_ug0p25_ms0p85_eg0p7,main_version,,,,,,,,,,,,,,,,,,,,,,,,,,,,,,,,,,,,,,,,,,,,,,,,,,
v10.17,mimic_bp_reg_v10_17_subjectdisjoint_paretoordinal_crisiscal_proto,True,0.7993421052631579,0.7143201491621354,0.7373947356947662,5.89726185798645,7.344570636749268,4.449953079223633,1.199323296546936,1.078979730606079,1.199323296546936,10.21092414855957,1.078979730606079,6.192032337188721,0.4824561403508772,0.7524122807017544,0.8776315789473684,C,0.6717105263157894,0.9057017543859649,0.969078947368421,A,327.0,-0.8843829035758972,1.6555397510528564,1.0,-18.28265380859375,-1.590179443359375,reg_router_s100_t1p5_g0p45_f0p06,cls_arbiter_over_moe_w0.888_over_mix_opt5_dual_hybrid_d30_g65_gamma110_tail100+identity,,,,ridge_l16p0_s50_sig25_sbp124+relbias_s0p08_b1p25_rf0_dg0p75_hg0p55_cg1p65_nf0_ht0p32_ct0p3_hf0_cf0+identity,identity,main_version,,,,,,,,,,,,,,,,,,,,,,,,,,,,,,,,,,,,,,,,,,,,,,,,,,
v10.18,mimic_bp_reg_v10_18_subjectdisjoint_baselineguard_crisisrepair_proto,True,0.8212719298245614,0.7345077016137826,0.7434664972539403,5.690209150314331,7.1534199714660645,4.226998329162598,0.759187638759613,0.41485661268234253,0.759187638759613,9.998395919799805,0.41485661268234253,6.0918121337890625,0.4921052631578947,0.762280701754386,0.8853070175438597,C,0.7,0.9098684210526315,0.9728070175438597,A,327.0,-0.5935563445091248,0.2371484637260437,1.0,-19.531234741210938,0.238128662109375,reg_router_s100_t1p5_g0p45_f0p06,cls_arbiter_over_moe_w0.830_over_mix_opt5_dual_raw_d30_g65_gamma110_tail100+evidfuse_s0p04_b1p1_dg0p35_hg1p15_cg0p35_rf0p14_s10_s20p04,,,,identity+relbias_s0_b1p55_rf0_dg0_hg0_cg0_nf0_ht0p32_ct0p04_hf2_cf0+identity,identity,main_version,,,,,,,,,,,,,,,,,,,,,,,,,,,,,,,,,,,,,,,,,,,,,,,,,,
ann_lstm_ecg_ppg,mimic_bp_compare_v10_18_ann_lstm_ecg_ppg_proto,True,0.6120614035087719,0.33783723175678376,0.3498000332669259,14.786888599395752,20.6780948638916,8.895682334899902,-1.0724605321884155,4.247708320617676,-1.0724605321884155,28.255258560180664,4.247708320617676,10.735180854797363,0.20175438596491227,0.38092105263157894,0.5177631578947368,D,0.3787280701754386,0.6370614035087719,0.8116228070175439,D,327.0,-23.969192504882812,-8.616323471069336,1.0,-46.853912353515625,-48.36377716064453,ann_lstm_ecg_ppg,ann_lstm_ecg_ppg_regression,regression,subject_affine,0.85,,,comparison_baseline,Cuffless blood pressure estimation from ECG and PPG using waveform based ANN-LSTM network,https://doi.org/10.1016/j.bspc.2019.02.028,,,,,,,,,,,,,,,,,,,,,,,,,,,,,,,,,,,,,,,,,,,,,,,,
ppg_bilstm_attention,mimic_bp_compare_v10_18_ppg_bilstm_attention_proto,True,0.5741228070175438,0.3497276612543334,0.3945488179924984,15.885523319244385,23.627347946166992,8.143698692321777,7.422605514526367,3.4999871253967285,7.422605514526367,31.257123947143555,3.4999871253967285,10.149616241455078,0.1986842105263158,0.3756578947368421,0.4875,D,0.42390350877192984,0.6835526315789474,0.8414473684210526,D,327.0,-5.012575626373291,-8.989973068237305,1.0,-84.98363494873047,-47.14893341064453,ppg_bilstm_attention,ppg_bilstm_attention_regression,regression,subject_affine,0.85,,,comparison_baseline,Deep learning models for cuffless blood pressure monitoring from PPG signals using attention mechanism,https://doi.org/10.1016/j.bspc.2020.102301,,,,,,,,,,,,,,,,,,,,,,,,,,,,,,,,,,,,,,,,,,,,,,,,
bpnet_cnn,mimic_bp_compare_v10_18_bpnet_cnn_proto,True,0.5956140350877193,0.3451342678730165,0.3614213880773206,14.897197246551514,21.190580368041992,8.603814125061035,1.8456743955612183,4.141759872436523,1.8456743955612183,29.00707244873047,4.141759872436523,10.416855812072754,0.21030701754385964,0.3796052631578947,0.5039473684210526,D,0.3975877192982456,0.6554824561403508,0.8241228070175438,D,327.0,-14.606680870056152,-9.07241153717041,1.0,-95.81553649902344,-48.18116760253906,bpnet_cnn,bpnet_cnn_regression,regression,subject_affine,0.85,,,comparison_baseline,BP-Net: Cuff-less and non-invasive blood pressure estimation via a generic deep convolutional architecture,https://doi.org/10.1016/j.bspc.2022.103850,,,,,,,,,,,,,,,,,,,,,,,,,,,,,,,,,,,,,,,,,,,,,,,,
mlp_bp_mixer,mimic_bp_compare_v10_18_mlp_bp_mixer_proto,True,0.5677631578947369,0.30889937972828324,0.32735441213195116,16.332159996032715,23.872936248779297,8.791383743286133,3.437410593032837,4.13852071762085,3.437410593032837,32.201751708984375,4.13852071762085,10.541626930236816,0.1857456140350877,0.3480263157894737,0.46864035087719297,D,0.3831140350877193,0.6385964912280702,0.8107456140350877,D,327.0,-23.700315475463867,-10.67399787902832,1.0,-36.26556396484375,-46.67696762084961,mlp_bp_mixer,mlp_bp_mixer_regression,regression,subject_affine,0.85,,,comparison_baseline,MLP-BP: cuffless BP measurement with PPG and ECG based on MLP-Mixer neural networks,https://doi.org/10.1016/j.bspc.2021.103404,,,,,,,,,,,,,,,,,,,,,,,,,,,,,,,,,,,,,,,,,,,,,,,,
piso_transformer,mimic_bp_compare_v10_18_piso_transformer_proto,False,,,,,,,,,,,,,,,,,,,,,,,,,,,,,,,,,,comparison_baseline,PiSO model-selection branch for ABP estimation on MIMIC-IV,https://doi.org/10.1109/ACCESS.2026.3665255,,,,,,,,,,,,,,,,,,,,,,,,,,,,,,,,,,,,,,,,,,,,,,,,
mufubp_dual_feature_pfe,mimic_bp_compare_v10_18_mufubp_dual_feature_pfe_proto,False,,,,,,,,,,,,,,,,,,,,,,,,,,,,,,,,,,comparison_baseline,MuFuBP-Net multimodal fusion with dual-feature pipeline and probabilistic feature encoder,https://doi.org/10.1109/JBHI.2025.3563852,,,,,,,,,,,,,,,,,,,,,,,,,,,,,,,,,,,,,,,,,,,,,,,,
full,mimic_bp_ablation_v10_18_litetrain_full_proto,True,0.8199561403508772,0.738355329904202,0.7535065287986843,5.785223484039307,7.097893714904785,4.472553253173828,1.085371732711792,1.4143122434616089,1.085371732711792,9.908923149108887,1.4143122434616089,6.0920491218566895,0.49451754385964913,0.7660087719298245,0.8837719298245614,C,0.6664473684210527,0.9089912280701754,0.9723684210526315,A,327.0,-0.7422114610671997,1.9281352758407593,1.0,-21.461822509765625,-1.0954208374023438,reg_router_s100_t1p5_g0p45_f0p06,cls_arbiter_over_moe_w0.842_over_mix_opt0_dual_hybrid_d30_g70_gamma110_tail100+evidfuse_s0p12_b1p1_dg0_hg0p8_cg0_rf0p08_s10_s20,,,,identity+relbias_s0p16_b1_rf0_dg0_hg0_cg1p1_nf0_ht0p14_ct0p18_hf0_cf0+identity,identity,lite_train_ablation,,,none,trained_short_head_reduced_search,variant_lite_trained,,True,True,True,True,True,True,True,,tiny,32,8,8,,0,0,0,0,0,0,0,0,0,0,dMAE=0; dAcc=0; dMacroF1=0; dHighSBPBias=0,reference,True,Full lite-train v10.18 reference for ablation deltas.,,,,,,,,,,,,,,,,,
no_tail_reweighting,mimic_bp_ablation_v10_18_litetrain_no_tail_reweighting_proto,True,0.8199561403508772,0.738355329904202,0.7535065287986843,5.785223484039307,7.097893714904785,4.472553253173828,1.085371732711792,1.4143122434616089,1.085371732711792,9.908923149108887,1.4143122434616089,6.0920491218566895,0.49451754385964913,0.7660087719298245,0.8837719298245614,C,0.6664473684210527,0.9089912280701754,0.9723684210526315,A,327.0,-0.7422114610671997,1.9281352758407593,1.0,-21.461822509765625,-1.0954208374023438,reg_router_s100_t1p5_g0p45_f0p06,cls_arbiter_over_moe_w0.842_over_mix_opt0_dual_hybrid_d30_g70_gamma110_tail100+evidfuse_s0p12_b1p1_dg0_hg0p8_cg0_rf0p08_s10_s20,,,,identity+relbias_s0p16_b1_rf0_dg0_hg0_cg1p1_nf0_ht0p14_ct0p18_hf0_cf0+identity,identity,lite_train_ablation,,,tail-aware train/head reweighting,trained_short_head_reduced_search,variant_lite_trained,,True,True,True,True,True,True,True,,tiny,32,8,8,,0,0,0,0,0,0,0,0,0,0,dMAE=0; dAcc=0; dMacroF1=0; dHighSBPBias=0,tail_head_ablation_no_observed_effect,False,"This row now removes tail emphasis in the trainable lite head stage. If the effect remains small, report it as evidence that aggregate metrics are insensitive to tail reweighting under the frozen-backbone protocol.",,,,,,,,,,,,,,,,,
no_accf1_targeted_head,mimic_bp_ablation_v10_18_litetrain_no_accf1_targeted_head_proto,True,0.8133771929824561,0.7357465251842646,0.7627479134023418,5.800876140594482,7.31971549987793,4.282036781311035,1.1512720584869385,0.5382786989212036,1.1512720584869385,10.116477012634277,0.5382786989212036,6.125283718109131,0.4791666666666667,0.756578947368421,0.8824561403508772,C,0.6951754385964912,0.9109649122807018,0.9717105263157895,A,327.0,1.0742089748382568,0.858468234539032,1.0,-17.557769775390625,3.2881393432617188,reg_router_s100_t1p5_g0p45_f0p06,cls_arbiter_over_moe_w0.789_over_mix_opt10_dual_raw_d60_g30_gamma110_tail100+evidfuse_s0p04_b1p1_dg0_hg0_cg0_rf0_s10p04_s20,,,,identity+relbias_s0_b1p55_rf0_dg0_hg0_cg0_nf0_ht0p22_ct0p1_hf4_cf0+identity,identity,lite_train_ablation,,,accuracy/F1-targeted feature-head ranking,trained_short_head_reduced_search,variant_lite_trained,,True,True,True,True,True,True,True,,tiny,32,8,8,,0.0156527,0.221822,-0.190516,-0.00657895,-0.0026088,0.00924138,1.81642,-1.06967,3.90405,4.38356,dMAE=0.0156527; dAcc=-0.00657895; dMacroF1=-0.0026088; dHighSBPBias=1.81642,paper_usable,True,,,,,,,,,,,,,,,,,,
no_guided_policy_search,mimic_bp_ablation_v10_18_litetrain_no_guided_policy_search_proto,True,0.8177631578947369,0.7326470467633693,0.7437499596481968,5.843811273574829,7.120164394378662,4.567458152770996,1.1691381931304932,1.566240668296814,1.1691381931304932,9.920388221740723,1.566240668296814,6.1649980545043945,0.4932017543859649,0.7635964912280702,0.8844298245614035,C,0.6546052631578947,0.9057017543859649,0.9717105263157895,A,327.0,-0.27814584970474243,2.629699468612671,1.0,-21.458221435546875,-0.29000091552734375,reg_router_s100_t1p5_g0p45_f0p06,cls_arbiter_over_moe_w0.818_over_mix_opt0_dual_raw_d30_g70_gamma110_tail100+identity,,,,identity+relbias_s0p16_b1p55_rf0_dg0p75_hg0p55_cg1p1_nf0_ht0p22_ct0p18_hf0_cf0+identity,identity,lite_train_ablation,,,guided class-prior policy search,trained_short_head_reduced_search,shared_full_lite_head,mimic_bp_ablation_v10_18_litetrain_full_proto,True,True,True,True,True,True,True,,tiny,32,8,8,,0.0585878,0.0222707,0.0949049,-0.00219298,-0.00570828,-0.00975657,0.464066,0.701564,0.00360107,0.80542,dMAE=0.0585878; dAcc=-0.00219298; dMacroF1=-0.00570828; dHighSBPBias=0.464066,paper_usable,True,,,,,,,,,,,,,,,,,,
no_classification_arbiter,mimic_bp_ablation_v10_18_litetrain_no_classification_arbiter_proto,True,0.8116228070175439,0.7311840330264986,0.7526787103735056,5.824893951416016,7.084174156188965,4.565613746643066,1.1576024293899536,1.5938199758529663,1.1576024293899536,9.869257926940918,1.5938199758529663,6.126850128173828,0.49407894736842106,0.7664473684210527,0.8859649122807017,C,0.6526315789473685,0.9050438596491228,0.9730263157894737,A,327.0,-0.41163015365600586,2.547191619873047,1.0,-21.4752197265625,-0.7926406860351562,reg_router_s100_t1p5_g0p45_f0p06,cls_arbiter_over_moe_w0.842_over_mix_opt0_dual_hybrid_d30_g70_gamma110_tail100+identity,,,,identity+relbias_s0p16_b1p55_rf0_dg0p75_hg0p55_cg1p1_nf0_ht0p14_ct0p18_hf0_cf0+identity,identity,lite_train_ablation,,,classification arbiter search,trained_short_head_reduced_search,shared_full_lite_head,mimic_bp_ablation_v10_18_litetrain_full_proto,True,True,True,True,True,True,True,,tiny,32,8,8,,0.0396705,-0.0137196,0.0930605,-0.00833333,-0.0071713,-0.000827818,0.330581,0.619056,-0.0133972,0.30278,dMAE=0.0396705; dAcc=-0.00833333; dMacroF1=-0.0071713; dHighSBPBias=0.330581,paper_usable,True,,,,,,,,,,,,,,,,,,
no_baseline_guarded_selector,mimic_bp_ablation_v10_18_litetrain_no_baseline_guarded_selector_proto,True,0.8177631578947369,0.7332284264972231,0.7451738844043481,5.843280792236328,7.1405134201049805,4.546048164367676,1.1956467628479004,1.530818223953247,1.1956467628479004,9.963714599609375,1.530818223953247,6.141833782196045,0.4923245614035088,0.7620614035087719,0.8826754385964912,C,0.6546052631578947,0.906359649122807,0.9712719298245615,A,327.0,-0.3986961543560028,1.9568666219711304,1.0,-21.458297729492188,-0.9348220825195312,reg_router_s100_t1p5_g0p45_f0p06,cls_arbiter_over_moe_w0.825_over_mix_opt0_dual_hybrid_d30_g70_gamma110_tail100+evidfuse_s0p04_b1p1_dg0_hg0_cg0_rf0p08_s10p04_s20p08,,,,identity+relbias_s0p16_b1p55_rf0_dg0p75_hg0p55_cg0_nf0_ht0p14_ct0p1_hf0_cf0+identity,identity,lite_train_ablation,,,v10.18 baseline-aware selection objectives,trained_short_head_reduced_search,shared_full_lite_head,mimic_bp_ablation_v10_18_litetrain_full_proto,True,True,True,True,True,True,True,,tiny,32,8,8,,0.0580573,0.0426197,0.0734949,-0.00219298,-0.0051269,-0.00833264,0.343515,0.0287313,0.00352478,0.160599,dMAE=0.0580573; dAcc=-0.00219298; dMacroF1=-0.0051269; dHighSBPBias=0.343515,paper_usable,True,,,,,,,,,,,,,,,,,,
no_reliability_bias_calibration,mimic_bp_ablation_v10_18_litetrain_no_reliability_bias_calibration_proto,True,0.8206140350877194,0.7363125176282015,0.7472234223037816,5.652713060379028,7.100703716278076,4.2047224044799805,0.6821598410606384,0.3902778625488281,0.6821598410606384,9.964111328125,0.3902778625488281,6.058355331420898,0.49912280701754386,0.762280701754386,0.8866228070175438,C,0.700219298245614,0.9114035087719298,0.9730263157894737,A,327.0,-1.146803379058838,0.06705529987812042,1.0,-21.114822387695312,-2.0885696411132812,,,,,,,identity,lite_train_ablation,,,high-range reliability bias calibration,trained_short_head_reduced_search,shared_full_lite_head,mimic_bp_ablation_v10_18_litetrain_full_proto,True,True,True,True,True,True,True,,tiny,32,8,8,,-0.13251,0.00281,-0.267831,0.000657895,-0.00204281,-0.00628311,-0.404592,-1.86108,0.347,-0.993149,dMAE=-0.13251; dAcc=0.000657895; dMacroF1=-0.00204281; dHighSBPBias=-0.404592,tradeoff_result,True,"Removing this module improves aggregate MAE but weakens bias control; frame this as an accuracy-bias tradeoff, not a pure accuracy gain.",,,,,,,,,,,,,,,,,
no_crisis_guard_floor,mimic_bp_ablation_v10_18_litetrain_no_crisis_guard_floor_proto,True,0.8201754385964912,0.738436569285725,0.752917922607665,5.866438627243042,7.109830379486084,4.623046875,1.192479133605957,1.6705745458602905,1.192479133605957,9.903271675109863,1.6705745458602905,6.166322708129883,0.49407894736842106,0.7646929824561404,0.8846491228070176,C,0.6478070175438596,0.9037280701754385,0.9717105263157895,A,327.0,-0.3831510543823242,2.743457555770874,1.0,-21.461822509765625,-1.0954208374023438,reg_router_s100_t1p5_g0p45_f0p06,cls_arbiter_over_moe_w0.842_over_mix_opt0_dual_hybrid_d30_g70_gamma110_tail100+evidfuse_s0p12_b0p7_dg0p7_hg0_cg0_rf0p08_s10p04_s20,,,,identity+relbias_s0p16_b1_rf0_dg0p75_hg0p55_cg1p1_nf0_ht0p14_ct0p1_hf0_cf0+identity,identity,lite_train_ablation,,,crisis hard-floor and absolute guard,trained_short_head_reduced_search,shared_full_lite_head,mimic_bp_ablation_v10_18_litetrain_full_proto,True,True,True,True,True,True,True,,tiny,32,8,8,,0.0812151,0.0119367,0.150494,0.000219298,8.12394e-05,-0.000588606,0.35906,0.815322,0,0,dMAE=0.0812151; dAcc=0.000219298; dMacroF1=8.12394e-05; dHighSBPBias=0.35906,supplement_only_low_crisis_support,False,Crisis support is too small for a stable main-table claim; report only as a supplementary tail-stability check.,,,,,,,,,,,,,,,,,
no_crisis_tail_debias,mimic_bp_ablation_v10_18_litetrain_no_crisis_tail_debias_proto,True,0.8201754385964912,0.738436569285725,0.752917922607665,5.866438627243042,7.109830379486084,4.623046875,1.192479133605957,1.6705745458602905,1.192479133605957,9.903271675109863,1.6705745458602905,6.166322708129883,0.49407894736842106,0.7646929824561404,0.8846491228070176,C,0.6478070175438596,0.9037280701754385,0.9717105263157895,A,327.0,-0.3831510543823242,2.743457555770874,1.0,-21.461822509765625,-1.0954208374023438,reg_router_s100_t1p5_g0p45_f0p06,cls_arbiter_over_moe_w0.842_over_mix_opt0_dual_hybrid_d30_g70_gamma110_tail100+evidfuse_s0p12_b0p7_dg0p7_hg0_cg0_rf0p08_s10p04_s20,,,,identity+relbias_s0p16_b1_rf0_dg0p75_hg0p55_cg1p1_nf0_ht0p14_ct0p1_hf0_cf0+identity,identity,lite_train_ablation,,,crisis-tail debias/fusion search,trained_short_head_reduced_search,shared_full_lite_head,mimic_bp_ablation_v10_18_litetrain_full_proto,True,True,True,True,True,True,True,,tiny,32,8,8,,0.0812151,0.0119367,0.150494,0.000219298,8.12394e-05,-0.000588606,0.35906,0.815322,0,0,dMAE=0.0812151; dAcc=0.000219298; dMacroF1=8.12394e-05; dHighSBPBias=0.35906,inactive_identity_or_no_observed_effect,False,"The crisis-tail selector chose identity/no-op under this split, so this is not informative as a main ablation.",,,,,,,,,,,,,,,,,
no_safety_evidential_fusion,mimic_bp_ablation_v10_18_litetrain_no_safety_evidential_fusion_proto,True,0.8199561403508772,0.73930422169074,0.7537438175180038,5.866438627243042,7.109830379486084,4.623046875,1.192479133605957,1.6705745458602905,1.192479133605957,9.903271675109863,1.6705745458602905,6.166322708129883,0.49407894736842106,0.7646929824561404,0.8846491228070176,C,0.6478070175438596,0.9037280701754385,0.9717105263157895,A,327.0,-0.3831510543823242,2.743457555770874,1.0,-21.461822509765625,-1.0954208374023438,reg_router_s100_t1p5_g0p45_f0p06,cls_arbiter_over_moe_w0.842_over_mix_opt0_dual_hybrid_d30_g70_gamma110_tail100+identity,,,,identity+relbias_s0p16_b1_rf0_dg0p75_hg0p55_cg1p1_nf0_ht0p14_ct0p1_hf0_cf0+identity,identity,lite_train_ablation,,,safety-aware classification fusion,trained_short_head_reduced_search,shared_full_lite_head,mimic_bp_ablation_v10_18_litetrain_full_proto,True,True,True,True,True,True,True,,tiny,32,8,8,,0.0812151,0.0119367,0.150494,0,0.000948892,0.000237289,0.35906,0.815322,0,0,dMAE=0.0812151; dAcc=0; dMacroF1=0.000948892; dHighSBPBias=0.35906,paper_usable,True,,,,,,,,,,,,,,,,,,
major_full,mimic_bp_ablation_v10_18_litetrain_major_full_paperfix_proto,True,0.8203947368421053,0.7361563167768113,0.7471419625449025,5.784958600997925,7.099369049072266,4.470548152923584,1.1312134265899658,1.4205026626586914,1.1312134265899658,9.905433654785156,1.4205026626586914,6.076452732086182,0.4925438596491228,0.7629385964912281,0.8859649122807017,C,0.6640350877192982,0.9083333333333333,0.9725877192982456,A,327.0,-0.38310927152633667,2.0904977321624756,1.0,-21.114822387695312,-2.0885696411132812,reg_router_s100_t1p5_g0p45_f0p06,cls_arbiter_over_moe_w0.797_over_guided_only+evidfuse_s0p04_b0p7_dg0_hg0_cg0p7_rf0p08_s10_s20p08,,,,ridge_l16p0_s50_sig25_sbp124+relbias_s0p16_b1_rf0_dg0_hg0_cg1p1_nf0_ht0p14_ct0p18_hf0_cf0+identity,identity,lite_train_ablation,,,none (major-module equal-budget reference),trained_short_head_reduced_search,variant_lite_trained,,True,True,True,True,True,True,True,,tiny,24,6,8,,0,0,0,0,0,0,0,0,0,0,dMAE=0; dAcc=0; dMacroF1=0; dHighSBPBias=0; dNoiseF1AUC=0,reference,True,major_full lite-train v10.18 reference for ablation deltas.,paperfix,0.22587227821350098,0.2715405821800232,0.6589332818984985,0.5863323211669922,0.6953947368421053,0.8010964912280701,17.72803497314453,14.938339233398438,0.2719014028185292,0.13127118139936214,0,0,0,0,0,major_full
no_quality_sparse_fusion,mimic_bp_ablation_v10_18_litetrain_no_quality_sparse_fusion_paperfix_proto,True,0.8177631578947369,0.7442069693467491,0.7727315355521087,5.914171457290649,7.135659217834473,4.692683696746826,1.3758699893951416,1.835205078125,1.3758699893951416,9.901106834411621,1.835205078125,6.18765115737915,0.4905701754385965,0.7633771929824561,0.8850877192982456,C,0.6381578947368421,0.9021929824561403,0.9712719298245615,A,327.0,-0.3088858723640442,2.978639841079712,1.0,-21.287246704101562,0.04742431640625,reg_router_s100_t1p5_g0p45_f0p06,cls_arbiter_over_moe_w0.800_over_mix_opt0_dual_raw_d30_g70_gamma110_tail100+evidfuse_s0p04_b0p7_dg0_hg0p8_cg0_rf0p08_s10_s20,,,,identity+relbias_s0p16_b1_rf0_dg0p75_hg0p55_cg1p1_nf0_ht0p14_ct0p1_hf0_cf0+identity,identity,lite_train_ablation,,,QESF: quality-aware encoding and sparse fusion robustness pathway,trained_short_head_reduced_search,variant_lite_trained,,True,True,True,True,True,True,True,,tiny,24,6,8,,0.129213,0.0362902,0.222136,-0.00263158,0.00805065,0.0255896,0.0742234,0.888142,-0.172424,2.13599,dMAE=0.129213; dAcc=-0.00263158; dMacroF1=0.00805065; dHighSBPBias=0.0742234; dNoiseF1AUC=-0.00487158,paper_usable_major_module,True,Equal-budget frozen-backbone major-module ablation; report in the main ablation table.,paperfix,0.22100070118904114,0.25836074352264404,0.6617895364761353,0.5802939534187317,0.7035087719298245,0.8146929824561403,18.001781463623047,16.79673194885254,0.2719014028185292,0.13127118139936214,-0.00487158,0.00285625,-0.00603837,0,0,major_full
no_uncertainty_credibility,mimic_bp_ablation_v10_18_litetrain_no_uncertainty_credibility_paperfix_proto,True,0.8206140350877194,0.7363125176282015,0.7472234223037816,5.885131120681763,7.43035888671875,4.339903354644775,1.2436659336090088,0.5991110801696777,1.2436659336090088,10.22229290008545,0.5991110801696777,6.18676233291626,0.4631578947368421,0.7506578947368421,0.881578947368421,C,0.6892543859649123,0.9107456140350877,0.9706140350877193,A,327.0,2.031708002090454,1.259891390800476,1.0,-18.555892944335938,-0.26573944091796875,selected_base,cls_arbiter_over_moe_w0.797_over_guided_only+evidfuse_s0p04_b1p1_dg0_hg0_cg0_rf0_s10_s20p08,,,,ridge_l16p0_s50_sig25_sbp124+relbias_s0_b1p55_rf0_dg0_hg0_cg0_nf0_ht0p22_ct0p1_hf4_cf0+identity,identity,lite_train_ablation,,,URC: uncertainty-aware regression router and credibility aggregation,trained_short_head_reduced_search,shared_full_lite_head,mimic_bp_ablation_v10_18_litetrain_major_full_paperfix_proto,True,True,True,True,True,True,True,,tiny,24,6,8,,0.100173,0.33099,-0.130645,0.000219298,0.000156201,8.14598e-05,2.41482,-0.830606,2.55893,1.82283,dMAE=0.100173; dAcc=0.000219298; dMacroF1=0.000156201; dHighSBPBias=2.41482; dNoiseF1AUC=-2.83122e-05,paper_usable_major_module,True,Equal-budget frozen-backbone major-module ablation; report in the main ablation table.,paperfix,0.22584396600723267,0.2714802622795105,0.6596253514289856,0.5862343311309814,0.7065789473684211,0.7629385964912281,19.03095245361328,12.564064979553223,0.2719014028185292,0.13127118139936214,-2.83122e-05,0.00069207,-9.799e-05,0,0,major_full
no_anchor_decision_refinement,mimic_bp_ablation_v10_18_litetrain_no_anchor_decision_refinement_paperfix_proto,True,0.8116228070175439,0.7257553094275259,0.7375291616328088,5.873841285705566,7.1436767578125,4.604005813598633,1.3347594738006592,1.7714290618896484,1.3347594738006592,9.947224617004395,1.7714290618896484,6.135705471038818,0.49144736842105263,0.7605263157894737,0.8842105263157894,C,0.6521929824561403,0.9043859649122807,0.9710526315789474,A,327.0,1.2586233615875244,3.4145262241363525,1.0,-20.252349853515625,-0.8089675903320312,reg_router_s100_t1p5_g0p45_f0p06,moe_blend_w0.820_over_mix_opt5_dual_hybrid_d30_g65_gamma110_tail100+identity,,,,identity+relbias_s0p16_b1_rf0p1_dg0p75_hg0_cg1p1_nf0_ht0p14_ct0p18_hf0_cf0+identity,identity,lite_train_ablation,,,ADSF: anchor-guided decision refinement,trained_short_head_reduced_search,shared_full_lite_head,mimic_bp_ablation_v10_18_litetrain_major_full_paperfix_proto,True,True,True,True,True,True,True,,tiny,24,6,8,,0.0888827,0.0443077,0.133458,-0.00877193,-0.010401,-0.0096128,1.64173,1.32403,0.862473,1.2796,dMAE=0.0888827; dAcc=-0.00877193; dMacroF1=-0.010401; dHighSBPBias=1.64173; dNoiseF1AUC=-0.0020519,paper_usable_major_module,True,Equal-budget frozen-backbone major-module ablation; report in the main ablation table.,paperfix,0.22382037341594696,0.2635307013988495,0.657071590423584,0.5767398476600647,0.7,0.7982456140350878,17.83000946044922,15.521551132202148,0.2719014028185292,0.13127118139936214,-0.0020519,-0.00186169,-0.00959247,0,0,major_full
no_tail_safety_calibration,mimic_bp_ablation_v10_18_litetrain_no_tail_safety_calibration_paperfix_proto,True,0.8214912280701754,0.737766671541116,0.748673541858956,5.451828718185425,6.861851215362549,4.041806221008301,0.046418335288763046,0.033842746168375015,0.046418335288763046,9.669914245605469,0.033842746168375015,5.853631019592285,0.5118421052631579,0.7736842105263158,0.8927631578947368,C,0.7157894736842105,0.9192982456140351,0.9754385964912281,A,327.0,-5.296522617340088,-2.4449679851531982,1.0,-21.114822387695312,-6.408973693847656,reg_router_s100_t1p5_g0p45_f0p06,cls_arbiter_over_moe_w0.797_over_guided_only,,,,ridge_l16p0_s50_sig25_sbp124,identity,lite_train_ablation,,,STC: safety-aware tail calibration and crisis repair,trained_short_head_reduced_search,shared_full_lite_head,mimic_bp_ablation_v10_18_litetrain_major_full_paperfix_proto,True,True,True,True,True,True,True,,tiny,24,6,8,,-0.33313,-0.237518,-0.428742,0.00109649,0.00161035,0.00153158,-4.91341,-4.53547,0,-4.3204,dMAE=-0.33313; dAcc=0.00109649; dMacroF1=0.00161035; dHighSBPBias=-4.91341; dNoiseF1AUC=-0.000218093,safety_tradeoff_result,True,Removing the safety/tail calibration improves aggregate MAE but worsens signed high-range bias; frame this row as a safety tradeoff rather than an accuracy-only gain.,paperfix,0.22565418481826782,0.27154606580734253,0.6603182554244995,0.5871044397354126,0.7114035087719298,0.7984649122807017,17.571027755737305,12.616512298583984,0.2719014028185292,0.13127118139936214,-0.000218093,0.00138497,0.000772119,0,0,major_full
no_personalized_conformal,mimic_bp_ablation_v10_18_litetrain_no_personalized_conformal_paperfix_proto,True,0.8171052631578948,0.7331071926732793,0.7457441570021021,5.721196413040161,7.09594202041626,4.3464508056640625,0.8291060328483582,0.4515109360218048,0.8291060328483582,10.043257713317871,0.4515109360218048,6.3812785148620605,0.5035087719298246,0.7701754385964912,0.8916666666666667,C,0.6964912280701754,0.905921052631579,0.9671052631578947,A,327.0,-1.4808735847473145,-0.18774524331092834,1.0,-21.54315185546875,0.4402923583984375,reg_router_s55_t0p35_g1p0_f0p06,cls_arbiter_over_moe_w0.829_over_guided_only+evidfuse_s0p04_b1p1_dg0p7_hg0_cg0p7_rf0p08_s10p04_s20,,,,ridge_l16p0_s50_sig25_sbp124+identity+identity,identity,lite_train_ablation,,,SAP+Conformal: subject-adaptive reliability constraints and conformal selection,trained_short_head_reduced_search,shared_full_lite_head,mimic_bp_ablation_v10_18_litetrain_major_full_paperfix_proto,True,True,True,True,True,True,True,,tiny,24,6,8,,-0.0637622,-0.00342703,-0.124097,-0.00328947,-0.00304912,-0.00139781,-1.09776,-2.27824,-0.428329,2.52886,dMAE=-0.0637622; dAcc=-0.00328947; dMacroF1=-0.00304912; dHighSBPBias=-1.09776; dNoiseF1AUC=-0.00510183,paper_usable_major_module,True,Equal-budget frozen-backbone major-module ablation; report in the main ablation table.,paperfix,0.2207704484462738,0.2663048207759857,0.6458967328071594,0.5668023824691772,0.7460526315789474,0.8111842105263158,19.732986450195312,14.388428688049316,0.1147789821812981,0.0888237981942662,-0.00510183,-0.0130365,-0.0195299,-0.157122,-0.0424474,major_full
